<?xml version="1.0" encoding="utf-8"?>
<labels xmlns="http://mulan.sourceforge.net/labels">
<label name="TAG_2005"></label>
<label name="TAG_2006"></label>
<label name="TAG_2007"></label>
<label name="TAG_agdetection"></label>
<label name="TAG_algorithms"></label>
<label name="TAG_amperometry"></label>
<label name="TAG_analysis"></label>
<label name="TAG_and"></label>
<label name="TAG_annotation"></label>
<label name="TAG_antibody"></label>
<label name="TAG_apob"></label>
<label name="TAG_architecture"></label>
<label name="TAG_article"></label>
<label name="TAG_bettasplendens"></label>
<label name="TAG_bibteximport"></label>
<label name="TAG_book"></label>
<label name="TAG_children"></label>
<label name="TAG_classification"></label>
<label name="TAG_clustering"></label>
<label name="TAG_cognition"></label>
<label name="TAG_collaboration"></label>
<label name="TAG_collaborative"></label>
<label name="TAG_community"></label>
<label name="TAG_competition"></label>
<label name="TAG_complex"></label>
<label name="TAG_complexity"></label>
<label name="TAG_compounds"></label>
<label name="TAG_computer"></label>
<label name="TAG_computing"></label>
<label name="TAG_concept"></label>
<label name="TAG_context"></label>
<label name="TAG_cortex"></label>
<label name="TAG_critical"></label>
<label name="TAG_data"></label>
<label name="TAG_datamining"></label>
<label name="TAG_date"></label>
<label name="TAG_design"></label>
<label name="TAG_development"></label>
<label name="TAG_diffusion"></label>
<label name="TAG_diplomathesis"></label>
<label name="TAG_disability"></label>
<label name="TAG_dynamics"></label>
<label name="TAG_education"></label>
<label name="TAG_elearning"></label>
<label name="TAG_electrochemistry"></label>
<label name="TAG_elisa"></label>
<label name="TAG_empirical"></label>
<label name="TAG_energy"></label>
<label name="TAG_engineering"></label>
<label name="TAG_epitope"></label>
<label name="TAG_equation"></label>
<label name="TAG_evaluation"></label>
<label name="TAG_evolution"></label>
<label name="TAG_fca"></label>
<label name="TAG_folksonomy"></label>
<label name="TAG_formal"></label>
<label name="TAG_fornepomuk"></label>
<label name="TAG_games"></label>
<label name="TAG_granular"></label>
<label name="TAG_graph"></label>
<label name="TAG_hci"></label>
<label name="TAG_homogeneous"></label>
<label name="TAG_imaging"></label>
<label name="TAG_immunoassay"></label>
<label name="TAG_immunoelectrode"></label>
<label name="TAG_immunosensor"></label>
<label name="TAG_information"></label>
<label name="TAG_informationretrieval"></label>
<label name="TAG_kaldesignresearch"></label>
<label name="TAG_kinetic"></label>
<label name="TAG_knowledge"></label>
<label name="TAG_knowledgemanagement"></label>
<label name="TAG_langen"></label>
<label name="TAG_language"></label>
<label name="TAG_ldl"></label>
<label name="TAG_learning"></label>
<label name="TAG_liposome"></label>
<label name="TAG_litreview"></label>
<label name="TAG_logic"></label>
<label name="TAG_maintenance"></label>
<label name="TAG_management"></label>
<label name="TAG_mapping"></label>
<label name="TAG_marotzkiwinfried"></label>
<label name="TAG_mathematics"></label>
<label name="TAG_mathgamespatterns"></label>
<label name="TAG_methodology"></label>
<label name="TAG_metrics"></label>
<label name="TAG_mining"></label>
<label name="TAG_model"></label>
<label name="TAG_modeling"></label>
<label name="TAG_models"></label>
<label name="TAG_molecular"></label>
<label name="TAG_montecarlo"></label>
<label name="TAG_myown"></label>
<label name="TAG_narrative"></label>
<label name="TAG_nepomuk"></label>
<label name="TAG_network"></label>
<label name="TAG_networks"></label>
<label name="TAG_nlp"></label>
<label name="TAG_nonequilibrium"></label>
<label name="TAG_notag"></label>
<label name="TAG_objectoriented"></label>
<label name="TAG_of"></label>
<label name="TAG_ontologies"></label>
<label name="TAG_ontology"></label>
<label name="TAG_pattern"></label>
<label name="TAG_patterns"></label>
<label name="TAG_phase"></label>
<label name="TAG_physics"></label>
<label name="TAG_process"></label>
<label name="TAG_programming"></label>
<label name="TAG_prolearn"></label>
<label name="TAG_psycholinguistics"></label>
<label name="TAG_quantum"></label>
<label name="TAG_random"></label>
<label name="TAG_rdf"></label>
<label name="TAG_representation"></label>
<label name="TAG_requirements"></label>
<label name="TAG_research"></label>
<label name="TAG_review"></label>
<label name="TAG_science"></label>
<label name="TAG_search"></label>
<label name="TAG_semantic"></label>
<label name="TAG_semantics"></label>
<label name="TAG_semanticweb"></label>
<label name="TAG_sequence"></label>
<label name="TAG_simulation"></label>
<label name="TAG_simulations"></label>
<label name="TAG_sna"></label>
<label name="TAG_social"></label>
<label name="TAG_socialnets"></label>
<label name="TAG_software"></label>
<label name="TAG_spin"></label>
<label name="TAG_statistics"></label>
<label name="TAG_statphys23"></label>
<label name="TAG_structure"></label>
<label name="TAG_survey"></label>
<label name="TAG_system"></label>
<label name="TAG_systems"></label>
<label name="TAG_tagging"></label>
<label name="TAG_technology"></label>
<label name="TAG_theory"></label>
<label name="TAG_topic1"></label>
<label name="TAG_topic10"></label>
<label name="TAG_topic11"></label>
<label name="TAG_topic2"></label>
<label name="TAG_topic3"></label>
<label name="TAG_topic4"></label>
<label name="TAG_topic6"></label>
<label name="TAG_topic7"></label>
<label name="TAG_topic8"></label>
<label name="TAG_topic9"></label>
<label name="TAG_toread"></label>
<label name="TAG_transition"></label>
<label name="TAG_visual"></label>
<label name="TAG_visualization"></label>
<label name="TAG_web"></label>
<label name="TAG_web20"></label>
<label name="TAG_wiki"></label>
</labels>